"login_nekashokoi	","titre_TITRE	","liste_nishuo	","total :0100_62	","total :0101_9	","total :0102_8	","total :0103_6	","total :0104_7	","total :0105_1	","total :0107_8	","total :0108_11	","total :0109_4	","total :0111_2	","total :0112_2	","total :0113_2	","total :0114_2	","total :0200_25	","total :0201_7	","total :0202_1	","total :0203_5	","total :0204_3	","total :0205_6	","total :0206_1	","total :0208_2	","total :horsProg_113	"
"login_nekashokoi	","titre_TITRE	","liste_hanban	","total : _122	","total :horsProg_78	"
"login_nekashokoi	","titre_TITRE	","liste_boen255	","total : _75	","total :horsProg_125	"
"login_nekashokoi	","titre_TITRE	","liste_nishuo	","total :0100_62	","total :0101_9	","total :0102_8	","total :0103_6	","total :0104_7	","total :0105_1	","total :0107_8	","total :0108_11	","total :0109_4	","total :0111_2	","total :0112_2	","total :0113_2	","total :0114_2	","total :0200_25	","total :0201_7	","total :0202_1	","total :0203_5	","total :0204_3	","total :0205_6	","total :0206_1	","total :0208_2	","total :horsProg_113	"
"login_nekashokoi	","titre_TITRE	","liste_hanban	","total : _122	","total :horsProg_78	"
"login_nekashokoi	","titre_TITRE	","liste_boen255	","total : _75	","total :horsProg_125	"
"login_nekashokoi	","titre_TITRE	","liste_nishuo	","total :0100_62	","total :0101_9	","total :0102_8	","total :0103_6	","total :0104_7	","total :0105_1	","total :0107_8	","total :0108_11	","total :0109_4	","total :0111_2	","total :0112_2	","total :0113_2	","total :0114_2	","total :0200_25	","total :0201_7	","total :0202_1	","total :0203_5	","total :0204_3	","total :0205_6	","total :0206_1	","total :0208_2	","total :horsProg_113	"
"login_nekashokoi	","titre_TITRE	","liste_hanban	","total : _122	","total :horsProg_78	"
"login_nekashokoi	","titre_TITRE	","liste_boen255	","total : _75	","total :horsProg_125	"
"login_nekashokoi	","titre_TITRE	","liste_nishuo	","total :0100_62	","total :0101_9	","total :0102_8	","total :0103_6	","total :0104_7	","total :0105_1	","total :0107_8	","total :0108_11	","total :0109_4	","total :0111_2	","total :0112_2	","total :0113_2	","total :0114_2	","total :0200_25	","total :0201_7	","total :0202_1	","total :0203_5	","total :0204_3	","total :0205_6	","total :0206_1	","total :0208_2	","total :horsProg_113	"
"login_nekashokoi	","titre_TITRE	","liste_hanban	","total : _122	","total :horsProg_78	"
"login_nekashokoi	","titre_TITRE	","liste_boen255	","total : _75	","total :horsProg_125	"
"login_nekashokoi	","titre_TITRE	","liste_nishuo	","total :0100_62	","total :0101_9	","total :0102_8	","total :0103_6	","total :0104_7	","total :0105_1	","total :0107_8	","total :0108_11	","total :0109_4	","total :0111_2	","total :0112_2	","total :0113_2	","total :0114_2	","total :0200_25	","total :0201_7	","total :0202_1	","total :0203_5	","total :0204_3	","total :0205_6	","total :0206_1	","total :0208_2	","total :horsProg_113	"
"login_nekashokoi	","titre_TITRE	","liste_hanban	","total : _122	","total :horsProg_78	"
"login_nekashokoi	","titre_TITRE	","liste_boen255	","total : _75	","total :horsProg_125	"
"login_nekashokoi	","titre_TITRE	","liste_nishuo	","total :0100_62	","total :0101_9	","total :0102_8	","total :0103_6	","total :0104_7	","total :0105_1	","total :0107_8	","total :0108_11	","total :0109_4	","total :0111_2	","total :0112_2	","total :0113_2	","total :0114_2	","total :0200_25	","total :0201_7	","total :0202_1	","total :0203_5	","total :0204_3	","total :0205_6	","total :0206_1	","total :0208_2	","total :horsProg_113	"
"login_nekashokoi	","titre_TITRE	","liste_hanban	","total : _122	","total :horsProg_78	"
"login_nekashokoi	","titre_TITRE	","liste_boen255	","total : _75	","total :horsProg_125	"
"login_nekashokoi	","titre_TITRE	","liste_nishuo	","total :0100_62	","total :0101_9	","total :0102_8	","total :0103_6	","total :0104_7	","total :0105_1	","total :0107_8	","total :0108_11	","total :0109_4	","total :0111_2	","total :0112_2	","total :0113_2	","total :0114_2	","total :0200_25	","total :0201_7	","total :0202_1	","total :0203_5	","total :0204_3	","total :0205_6	","total :0206_1	","total :0208_2	","total :horsProg_113	"
"login_nekashokoi	","titre_TITRE	","liste_hanban	","total : _122	","total :horsProg_78	"
"login_nekashokoi	","titre_TITRE	","liste_boen255	","total : _75	","total :horsProg_125	"
"login_nekashokoi	","titre_TITRE	","liste_nishuo	","total :0100_62	","total :0101_9	","total :0102_8	","total :0103_6	","total :0104_7	","total :0105_1	","total :0107_8	","total :0108_11	","total :0109_4	","total :0111_2	","total :0112_2	","total :0113_2	","total :0114_2	","total :0200_25	","total :0201_7	","total :0202_1	","total :0203_5	","total :0204_3	","total :0205_6	","total :0206_1	","total :0208_2	","total :horsProg_113	"
"login_nekashokoi	","titre_TITRE	","liste_hanban	","total : _122	","total :horsProg_78	"
"login_nekashokoi	","titre_TITRE	","liste_boen255	","total : _75	","total :horsProg_125	"
"login_nekashokoi	","titre_TITRE	","liste_nishuo	","total :0100_62	","total :0101_9	","total :0102_8	","total :0103_6	","total :0104_7	","total :0105_1	","total :0107_8	","total :0108_11	","total :0109_4	","total :0111_2	","total :0112_2	","total :0113_2	","total :0114_2	","total :0200_25	","total :0201_7	","total :0202_1	","total :0203_5	","total :0204_3	","total :0205_6	","total :0206_1	","total :0208_2	","total :horsProg_113	"
"login_nekashokoi	","titre_TITRE	","liste_hanban	","total : _122	","total :horsProg_78	"
"login_nekashokoi	","titre_TITRE	","liste_boen255	","total : _75	","total :horsProg_125	"
"login_nekashokoi	","titre_TITRE	","liste_nishuo	","total :0100_62	","total :0101_9	","total :0102_8	","total :0103_6	","total :0104_7	","total :0105_1	","total :0107_8	","total :0108_11	","total :0109_4	","total :0111_2	","total :0112_2	","total :0113_2	","total :0114_2	","total :0200_25	","total :0201_7	","total :0202_1	","total :0203_5	","total :0204_3	","total :0205_6	","total :0206_1	","total :0208_2	","total :horsProg_113	"
"login_nekashokoi	","titre_TITRE	","liste_hanban	","total : _122	","total :horsProg_78	"
"login_nekashokoi	","titre_TITRE	","liste_boen255	","total : _75	","total :horsProg_125	"
"login_nekashokoi	","titre_TITRE	","liste_nishuo	","total :0100_62	","total :0101_9	","total :0102_8	","total :0103_6	","total :0104_7	","total :0105_1	","total :0107_8	","total :0108_11	","total :0109_4	","total :0111_2	","total :0112_2	","total :0113_2	","total :0114_2	","total :0200_25	","total :0201_7	","total :0202_1	","total :0203_5	","total :0204_3	","total :0205_6	","total :0206_1	","total :0208_2	","total :horsProg_113	"
"login_nekashokoi	","titre_TITRE	","liste_hanban	","total : _122	","total :horsProg_78	"
"login_nekashokoi	","titre_TITRE	","liste_boen255	","total : _75	","total :horsProg_125	"
"login_nekashokoi	","titre_TITRE	","liste_nishuo	","total :0100_62	","total :0101_9	","total :0102_8	","total :0103_6	","total :0104_7	","total :0105_1	","total :0107_8	","total :0108_11	","total :0109_4	","total :0111_2	","total :0112_2	","total :0113_2	","total :0114_2	","total :0200_25	","total :0201_7	","total :0202_1	","total :0203_5	","total :0204_3	","total :0205_6	","total :0206_1	","total :0208_2	","total :horsProg_113	"
"login_nekashokoi	","titre_TITRE	","liste_hanban	","total : _122	","total :horsProg_78	"
"login_nekashokoi	","titre_TITRE	","liste_boen255	","total : _75	","total :horsProg_125	"
"login_nekashokoi	","titre_TITRE	","liste_nishuo	","total :0100_62	","total :0101_9	","total :0102_8	","total :0103_6	","total :0104_7	","total :0105_1	","total :0107_8	","total :0108_11	","total :0109_4	","total :0111_2	","total :0112_2	","total :0113_2	","total :0114_2	","total :0200_25	","total :0201_7	","total :0202_1	","total :0203_5	","total :0204_3	","total :0205_6	","total :0206_1	","total :0208_2	","total :horsProg_113	"
"login_nekashokoi	","titre_TITRE	","liste_hanban	","total : _122	","total :horsProg_78	"
"login_nekashokoi	","titre_TITRE	","liste_boen255	","total : _75	","total :horsProg_125	"
"login_nekashokoi	","titre_TITRE	","liste_nishuo	","total :0100_62	","total :0101_9	","total :0102_8	","total :0103_6	","total :0104_7	","total :0105_1	","total :0107_8	","total :0108_11	","total :0109_4	","total :0111_2	","total :0112_2	","total :0113_2	","total :0114_2	","total :0200_25	","total :0201_7	","total :0202_1	","total :0203_5	","total :0204_3	","total :0205_6	","total :0206_1	","total :0208_2	","total :horsProg_113	"
"login_nekashokoi	","titre_TITRE	","liste_hanban	","total : _122	","total :horsProg_78	"
"login_nekashokoi	","titre_TITRE	","liste_boen255	","total : _75	","total :horsProg_125	"
"login_nekashokoi	","titre_TITRE	","liste_nishuo	","total :0100_62	","total :0101_9	","total :0102_8	","total :0103_6	","total :0104_7	","total :0105_1	","total :0107_8	","total :0108_11	","total :0109_4	","total :0111_2	","total :0112_2	","total :0113_2	","total :0114_2	","total :0200_25	","total :0201_7	","total :0202_1	","total :0203_5	","total :0204_3	","total :0205_6	","total :0206_1	","total :0208_2	","total :horsProg_113	"
"login_nekashokoi	","titre_TITRE	","liste_hanban	","total : _122	","total :horsProg_78	"
"login_nekashokoi	","titre_TITRE	","liste_boen255	","total : _75	","total :horsProg_125	"
"login_nekashokoi	","titre_Le nouvel an Chinois	","liste_listeInalco	","total :0100_351	","total :0101_33	","total :0102_58	","total :0103_13	","total :0104_12	","total :0105_12	","total :0106_18	","total :0107_12	","total :0108_14	","total :0109_6	","total :0110_22	","total :0111_67	","total :0112_14	","total :0113_1	","total :0114_46	","total :0115_10	","total :0116_13	","total :0200_90	","total :0201_4	","total :0203_5	","total :0204_1	","total :0205_2	","total :0206_4	","total :0207_4	","total :0208_13	","total :0209_29	","total :0210_7	","total :0211_3	","total :0212_9	","total :0213_3	","total :0214_6	","total :horsProg_95	"
"login_nekashokoi	","titre_Le nouvel an Chinois	","liste_taishida	","total :0100_233	","total :0101_17	","total :0102_9	","total :0103_8	","total :0104_33	","total :0105_14	","total :0106_12	","total :0107_2	","total :0108_15	","total :0109_7	","total :0110_12	","total :0111_2	","total :0112_102	","total :horsProg_303	"
"login_nekashokoi	","titre_Le titre du texte	","liste_audiovisuelle	","total :01_17	","total :02_9	","total :03_8	","total :04_33	","total :05_14	","total :06_12	","total :07_2	","total :08_15	","total :09_7	","total :horsProg_303	","total :10_12	","total :11_2	","total :12_102	"
"login_nekashokoi	","titre_Le titre du texte	","liste_boen805	","total : _391	","total :horsProg_145	"
"login_nekashokoi	","titre_lolololo	","liste_nishuo	","total :0100_201	","total :0101_27	","total :0102_13	","total :0103_13	","total :0104_14	","total :0105_2	","total :0106_21	","total :0107_51	","total :0108_21	","total :0109_12	","total :0110_1	","total :0111_5	","total :0112_12	","total :0113_3	","total :0114_6	","total :0200_88	","total :0201_43	","total :0202_6	","total :0203_9	","total :0204_6	","total :0205_15	","total :0206_4	","total :0207_1	","total :0208_4	","total :horsProg_247	"
"login_nekashokoi	","titre_lolololo	","liste_hanban	","total : _408	","total :horsProg_128	"
